legacy_type,legacy_shade,products,bare,full,forms
ABA,,1,0.0,0.0,ABALONE 100%
AGA,,5,0.0,0.0,
AGA,BL,1,0.0,0.0,
AGA,GR,21,0.0,0.0,GREEN AGAT 50%; G.AGATE 50%
AGA,OR,4,0.0,0.0,ORANGE AGATE 100%
AGA,RED,3,0.0,0.0,
AGA,WH,60,0.0,0.0,W.AGATE 38%; W_AGATE 8%; W_AG 4%
AGA,YL,3,0.0,0.0,
AK1,,17,0.0,0.0,AKOYA 89%; AKOYO 11%
AK1,BK,5,0.0,0.0,B.AKOYA 100%
AK1,WH,8,0.0,0.0,W.AKOYA 75%; B.AKOYA 12%; CIT4A + W.PEARL 12%
ALX,,2,0.0,0.0,ALEXANDRITE 100%
AME,,2,0.5,0.0,TUR + AM 100%
AME,A,3513,0.163,0.0,L.AM 42%; LAM 19%; L.AM BRI 8%
AME,AA,3597,0.718,0.0,AM 56%; AM2A 12%; AMAA 4%
AME,AAA,417,0.149,0.0,AM3A 48%; AMAAA 25%; AM 4%
AME,C,322,0.084,0.0,AMC 71%; AMC + CHAIN 4%; AMC_SMOOTH 3%
AME,LAV,1,0.0,0.0,
AME,ML,26,0.077,0.0,AM.MK 50%; AM MK DP 50%
AMET,,4,1.0,0.0,
AMZ,,10,0.0,0.0,AMA_CB 50%; AMAZONITE 50%
AP,,131,0.107,0.0,APATITE 33%; SC + APATI 22%; APAT 22%
AP,GR,1,0.0,0.0,
AQ,A,38,0.132,0.079,AQUA 50%; AQU MILKY 12%; AQU1A 12%
AQ,AA,309,0.129,0.006,AQUA 38%; AQU2A 25%; AQUAA 15%
AQ,AAA,323,0.093,0.003,AQU3A 51%; AQUAAA 12%; AQ3A 11%
AQ,AAAA,44,0.045,0.0,AQU4A 43%; AQ4A 19%; AQUA CUS 10%
AQ,C,17,0.0,0.588,AQU.C 33%; AQUA C 11%; AQ.C 11%
AQ,ML,140,0.279,0.0,AQU.MK 10%; AQU.MK CAB 7%; AQU MK 7%
AQ,SP,1,0.0,1.0,
AVT,,18,0.167,0.0,
AVT,GR,2,0.0,0.0,
BAG,,18,0.0,0.0,B.AGATE 33%; B_AGATE 22%; B_AGATE_OM 11%
BDI,,9,0.0,0.0,B.DIOPSIDE 60%; BK.DIOP 20%; B_DIO 20%
BDI,BST,1,0.0,0.0,B.DIOP 100%
BKTOU,C,1,0.0,0.0,BLK TOUR 100%
BON,,7,0.0,0.0,BONE 57%; W.AGATE 29%; GOLD 14%
BRL,,3,0.0,0.0,Y.BER NO CENT 100%
BRL,SAL,1,0.0,0.0,
BRL,YL,1,0.0,0.0,
BRL,YM,1,0.0,0.0,LAVA + Y.BERYL 100%
BRZ,,9,0.0,0.0,BRONZITE 60%; BRONZ 40%
BT,,3,0.0,0.0,BTA BRUSH 33%; AAQUOTATION 33%; BTA 33%
BT,A,4489,0.057,0.707,BTA 67%; BTA BRI 7%; BTA_BRI 1%
BT,AA,898,0.035,0.065,BT2A 48%; BTAA 25%; BT2A BRI 6%
BT,AAA,2889,0.041,0.053,BT3A 39%; BTAAA 31%; BTAAA + SIL 2%
BT,AAAA,8,0.0,0.0,
BUT,,6,0.0,0.0,
BZ,,34,0.0,0.0,B.ZIRCON 29%; BL.ZIRCON 29%; BLU ZIR 14%
CAC,,169,0.0,0.0,CALCITE 58%; REPAIR CALCITE 5%; CALCITE SMOOTH 3%
CAM,,5,0.0,0.0,CAMEO 100%
CAR,,38,0.105,0.0,CARNELIAN 100%
CER,,1,0.0,0.0,CERAMIC 100%
CHA,,479,0.148,0.0,CHALCE 17%; CHAL 12%; B.CHAL 7%
CHA,BL,359,0.159,0.0,BL.CHAL 13%; CHAL 9%; BL.CHA 8%
CHA,C,5,0.0,0.2,
CHA,GR,12,0.0,0.0,GR.CHA 100%
CHA,LAV,2,0.0,0.0,
CHA,LI,16,0.0,0.0,
CHA,OR,1,0.0,0.0,
CHA,WH,7,0.0,0.0,W.CHAL 100%
CHP,,69,0.043,0.0,CHAM.Q 56%; CHAMP.Q BR 11%; CHAMPAIGN.Q 11%
CHP,A,21,0.095,0.0,CHQ 25%; CHAMP 25%; CH.Q 25%
CHR,,1,0.0,0.0,CHRYSO 100%
CHRP,,63,0.317,0.0,CHRY + MOP 40%; CHRYSOPRASE 20%; CHRYSOPRA 10%
CIT,A,1534,0.079,0.47,CITA 75%; CITA BRI 11%; CITA_BR 2%
CIT,AA,2059,0.034,0.134,CIT2A 40%; CITAA 33%; CIT2A BRI 6%
CIT,AAA,2123,0.041,0.043,CIT3A 52%; CITAAA 30%; CIT3A BRI 2%
CIT,AAAA,73,0.014,0.0,CIT4A CAB 33%; CIT4A 33%; CIT4A CONC 33%
COG,,112,0.455,0.0,COGNAC 68%; COGNAC NO CNT 5%; COGNAC.Q 5%
COG,A,1,0.0,0.0,COGN A 100%
CORAL,OR,67,0.209,0.0,CORAL 38%; ORANGE OPAL 15%; OR.CORAL 15%
CORAL,PK,34,0.059,0.0,
CORAL,REC,24,0.042,0.0,CORAL RECON 26%; CORAL_RECON 21%; REC_CORAL 16%
CORAL,RED,64,0.297,0.0,RED SEA BAMBOO 38%; SEE BAMBOO 25%; RED SEE BAMBOO 12%
CUB,,157,0.006,0.0,CZ 41%; CUBIC 41%; B3A + TUR + CRY + CZ 3%
DIO,BK,5,0.0,0.0,ONY + BKDIP 50%; B.DIOP 25%; BK.DIOP 25%
DIO,GR,612,0.724,0.0,DIO 14%; DIO + SIL 11%; OPAL + DIO 8%
DRE,,12,0.0,0.0,DRA_EY + SILT3 20%; DRAGON EYE 20%; DRAG EYE #53 20%
DTS,BK,499,0.461,0.0,BK.DTS 38%; BL. 5%; BL.DTS 5%
DTS,BL,3,0.667,0.0,BLUE.DTS 33%; BL.DTS 33%; BLU DTS 33%
DTS,BR,560,0.096,0.0,BR.DTS 42%; BR_DTS 2%; SQ.BR.DTS 2%
DTS,CH,7,0.143,0.0,BR.DTS + BK.SL 67%; CHOCOLATE DTS 33%
DTS,CHP,223,0.161,0.0,CH.DTS 12%; CHAMP.DTS 12%; DTS CHAMP 4%
DTS,CVD,6,0.0,0.0,SPEC.DIA 33%; SPEC.DIA #40 17%; SPEC.DIA #45 17%
DTS,GR,2,1.0,0.0,GR.DTS 100%
DTS,GY,232,0.147,0.0,GY.DTS 11%; GR. + W.DT 9%; GREY DTS 7%
DTS,ICE,15,0.2,0.0,
DTS,LBR,7,1.0,0.0,
DTS,NAT,52,0.115,0.0,NATS 53%; NATS DTS 18%; NATS SET 6%
DTS,PK,4,0.0,0.0,PK. DTS 1ST 33%; PK. DTS 3RD 33%; PK.DTS 2ND 33%
DTS,RED,1,1.0,0.0,RED.DTS 100%
DTS,SA,6,0.0,0.0,DVS 50%; SAND DTS 50%
DTS,SI,1091,0.316,0.0,SI1 27%; DTS 14%; DTS SI1 7%
DTS,T1,15,0.467,0.0,DTS 67%; TLB DTS 33%
DTS,T2,7618,0.014,0.0,TTLB 26%; LAPIS + TT 3%; WHITE AGATE + TT 3%
DTS,T3,3,0.0,0.0,DTS TLC 33%; CUS DTS 33%; TLC 33%
DTS,W1,17245,0.772,0.0,DTS 43%; TAN 2%; TAN3A 2%
DTS,W2,1272,0.27,0.0,DTS 18%; G VS 10%; GVS 7%
DTS,W3,21,0.238,0.0,DTS 25%; GA.CUS 12%; DT F VS 1 12%
DTS,WI1,930,0.881,0.0,DTS 43%; I2 19%; I1 5%
DTS,WI2,38,0.132,0.0,DTS I2 37%; I2 33%; DTS P1 7%
DTS,WI3,3,0.0,0.0,I3 + PRL 100%
DTS,YM,6,0.667,0.0,YL.DTS 33%; DTS CUS 17%; YEL.DTS 17%
DYJ,,1,0.0,0.0,
DYJ,CH,1,0.0,0.0,CHAR JADE 100%
DYJ,GR,24,0.0,0.0,GR_JADE 33%; GREEN JADE 17%; DYED_J 17%
DYJ,LAV,62,0.0,0.0,LAV_JADE 30%; LAV_JAD 15%; LAVAN.JADE 5%
DYJ,PK,1,0.0,0.0,PINK JADE 100%
DYJ,RED,1,0.0,0.0,RED JADE 100%
DYJ,WH,1,0.0,0.0,
EAG,,7,0.0,0.0,EAGLE EYE 50%; DRAG_EYE 25%; EG_EYE + GD + SIL 25%
EM,,3,0.0,0.0,EM SYN + W.TOP 67%; EMC 33%
EM,2,449,0.285,0.568,EM2 63%; EM 4%; EMERALD 2%
EM,C,130,0.069,0.815,EMC 83%; EME 4%; 3BALLS + EMC CB 2%
EM,CS,180,0.161,0.722,EMCS 82%; EM + W.C 2%; EMCS + W.Q 1%
EM,M,21,0.286,0.714,EMM 36%; EMM + 1DTS 27%; EMM + 1DT 18%
EM,REC,1,0.0,0.0,EM CREAT 100%
EM,SP,1,0.0,1.0,EMSP 100%
FOP,,10,0.0,0.0,FI.OP 67%; FIRE.OPAL 33%
FYTOU,,2,0.0,0.0,
GA,,2087,0.804,0.0,GA 68%; GA BRI 4%; GA + SIL 2%
GA,A,1,1.0,0.0,GA 100%
GA,C,6,0.833,0.0,GA 50%; CIT + 24DTS 25%; GA + 24DTS 25%
GA,MLY,3,0.667,0.0,
GQ,,1953,0.637,0.0,GQ 20%; GR.Q 18%; G.Q 11%
GQ,2,2,0.0,0.0,
GTOUR,,982,0.745,0.0,G.TO 18%; GT 18%; G.TOUR 9%
GTOUR,A,1,1.0,0.0,
GTOUR,C,7,0.0,0.0,GT C 100%
GTOUR,CD,1,0.0,0.0,
GTOUR,CDA,1,0.0,0.0,
GTOUR,SP,1,0.0,0.0,
HMT,,19,0.0,0.0,HEMATITE 46%; HEMAT 31%; AAQUATATION 15%
IOL,,2,0.5,0.0,IOL 100%
IOL,A,2839,0.103,0.0,L.IOL 33%; LIOL 16%; L.IO 14%
IOL,AA,159,0.73,0.013,
IOL,AAA,1298,0.77,0.0,IOL 75%; IOL + SCDTS 3%; IOL BRI 2%
JAD,,67,0.015,0.0,JADE 51%; DR_JADE 11%; JADE_BALL 9%
JAD,BK,7,0.0,0.0,BL.JADE 50%; B.JADE 33%; BL_JADE 17%
JAD,WH,7,0.0,0.0,
JET,,1,1.0,0.0,
JSP,,1,0.0,0.0,
JSP,RED,3,0.0,0.0,RED JASP 100%
KUN,,13,0.462,0.0,
KYA,,41,0.512,0.0,KYANITE 38%; KYAN 25%; KYA 12%
LAB,,40,0.175,0.0,LABRA + GOLD + SIL 20%; LABRA 20%; LAVENDER 20%
LAP,,240,0.029,0.0,LAPIS 79%; LAPIS + SCDTS 6%; LAP + TUR 2%
LAP,AAA,1,1.0,0.0,
LAP,C,1,0.0,0.0,LAPIS 100%
LAP,GD,4,0.0,0.0,
LAQ,,1291,0.002,0.0,L.Q 31%; L.Q BRI 17%; LQ 12%
LAQ,A,1,0.0,0.0,
MAB,,6,0.0,0.0,B.MABE 50%; MABE 50%
MGA,,6,0.0,0.0,
MLK,,167,0.0,0.0,MALACHITE 76%; MALACHITE + TTLB 5%; MALA 5%
MLK,GD,4,0.0,0.0,
MOI,,10,0.1,0.0,MOISS 90%; MOI 10%
MON,BK,15,0.0,0.0,BK_MOON 42%; BK.MOON 25%; BLK.MOONSTONE 8%
MON,BL,31,0.0,0.0,BL.MS 43%; B.MS 29%; BL.MOON 14%
MON,BR,53,0.0,0.0,BRMS 16%; BR_MOON 12%; BR_MS 12%
MON,GBL,23,0.0,0.0,GR.MOON 25%; GRAY M.S 25%; GR.MO 25%
MON,GR,78,0.0,0.0,GR.MOON 31%; GRMS 15%; GR_MOON 15%
MON,GY,145,0.0,0.0,GYMS 26%; GY.MS 14%; GMS 12%
MON,OR,227,0.0,0.0,ORMS 19%; OR.MOON 16%; OMS 12%
MON,RB,1404,0.0,0.0,RMS 51%; RMS + SC.DTS 3%; R.MO 3%
MON,RBG,34,0.0,0.0,RMS 80%; RMS + BK_RHO 20%
MON,WH,373,0.0,0.0,WMS 33%; W.MOON 17%; W_MOON 6%
MON,WHCE,8,0.0,0.0,
MON,YM,5,0.0,0.0,Y.MOON #4 40%; Y.MOON #5 20%; MOS 1 + 2 + 3 + 4 + 5 20%
MOP,,403,0.097,0.0,W.MOP 28%; G.MOP 15%; B.MOP 10%
MOP,BK,37,0.0,0.0,B.MOP 21%; AMC CAB + G.MOP 7%; AMC + G.MOP 7%
MOP,GBL,7,0.0,0.0,G-DTS 100%
MOP,GO,2,0.0,0.0,
MOP,GY,46,0.0,0.0,G.MOP 25%; GY.MOP RD 12%; GMOP_RD 12%
MOP,PK,111,0.0,0.0,W.MOP + Y.TOP 17%; P.MOP 17%; PK_MOP 17%
MOP,WH,504,0.069,0.0,W.MOP 36%; W.MOP RD 6%; WMOP 6%
MOR,,87,0.517,0.0,MORGANITE 50%; MOR 28%; MORG 11%
MOR,AA,1,0.0,0.0,
MOR,PK,1,1.0,0.0,
NEP,,4,0.25,0.0,NEPHRITE 100%
NEP,GR,1,0.0,0.0,
OLQ,,9,0.0,0.0,OLIVE.Q 60%; OLIVINE.Q 20%; OLIVEINE.Q 20%
ONY,,706,0.033,0.0,ONYX 54%; ONYX BRI 3%; MALA + ONYX 2%
ONY,BK,5,0.0,0.0,ONYX 50%; BL.ONYX 50%
ONY,WH,12,0.0,0.0,W.ONYX 38%; W_ONYX 38%; BUFF W.ONYX 12%
OP,A,40,0.0,0.025,OPAL V 29%; WOPAL 29%; OPAL 29%
OP,AAA,26,0.0,0.0,OPALAAA 40%; W.OPAL 20%; W_OPAL 20%
OP,AAAA,1,0.0,0.0,OPALAAAA 100%
OP,BK,3,0.0,0.0,B.OPAL3A 50%; BLK OPAL 50%
OP,C,1,0.0,0.0,
OP,OR,7,0.0,0.0,
OP,PK,237,0.025,0.0,P.OPAL 46%; P.OP 14%; P.OPA 11%
OP,WH,19,0.0,0.0,W.OPA 100%
PAR,,12,0.417,0.0,BL.ZIR + PARA 33%; P.TOUR 33%; PARAIBA 33%
PER,,4858,0.865,0.0,PER 73%; PER BRI 4%; PE 2%
PER,A,1,1.0,0.0,PER 100%
PER,AAA,13,0.615,0.077,PER 100%
PER,SP,2,1.0,0.0,
POR,WH,6,0.0,0.0,W.PORCELAIN 100%
PQA,,1720,0.614,0.0,PQ 24%; P.Q 17%; P.Q BRI 9%
PQA,2,1,0.0,0.0,GOOD P.Q BRI 100%
PQA,A,1,0.0,0.0,
PQA,CDY,123,0.163,0.0,PQ_CLOUDY 22%; PQ CLOUDY 17%; P.Q CLOUDY 8%
PQA,ML,5,0.8,0.0,
PQA,PK,3,0.0,0.0,P.Q BIR 100%
PQA,SR,4,0.0,0.0,ST.PQ 100%
PR1,,62,0.0,0.0,W.PEARL 36%; G.PEARL 15%; AAQUOTATION 6%
PR1,AK,7,0.0,0.0,
PR1,WH,12,0.0,0.0,PRL + ENAM 67%; DTS 1 + FWP 33%
PR2,,6,0.0,0.0,
PR2,BK,1,0.0,0.0,
PR2,GY,2,0.0,0.0,
PR2,PK,35,0.0,0.0,AM + RDF + LIO + RH 100%
PR2,WH,44,0.0,0.0,W5PEARL 25%; W_PEARL 25%; W_PEARL + SCDTS 25%
PR2,YM,4,0.0,0.0,
PREH,,313,0.393,0.0,PREHNITE 26%; PRE 23%; PREH 8%
PREH,A,21,0.19,0.0,L_PREHNITE 29%; LPREHNITE 14%; LPRE 14%
PREH,BL,1,1.0,0.0,
PREH,GR,1,1.0,0.0,
PREH,ML,48,0.104,0.0,PREHNI 21%; PRE 14%; PRE MILKY 14%
PRL,,495,0.006,0.0,W.PEARL 38%; G.PEARL 20%; P.PEARL 5%
PRL,AK,9,0.0,0.0,AKOYA 67%; CT4A + W.PRL 33%
PRL,BK,38,0.026,0.0,B.PEARL 53%; BL.PEARL 20%; BK_PRL 7%
PRL,BR,9,0.0,0.0,BROWN P. 33%; BR_PEARL 33%; TTLB + BR.PEARL 33%
PRL,CH,2,0.0,0.0,CHOCO_PRL 50%; CHOC.P 50%
PRL,CHP,5,0.0,0.0,
PRL,GY,80,0.013,0.0,G.PEARL 38%; GREY PRL 16%; G_PEARL 12%
PRL,OR,1,0.0,0.0,
PRL,PK,846,0.009,0.0,P.PEARL 51%; P.PRL 16%; P_PEARL 10%
PRL,TAH,14,0.0,0.0,TAHITI 33%; BK_TAHI_PRL 17%; TAHITIAN 17%
PRL,WH,1390,0.024,0.0,W.PEARL 34%; W.PRL 7%; FWP 5%
PRL,YM,23,0.043,0.0,
PRL,YS,10,0.0,0.0,Y_PEARL 100%
PTOUR,,4052,0.692,0.0,P.TO 25%; P.TOUR 22%; PT 9%
PTOUR,C,21,0.143,0.0,PT C 22%; PT.C 22%; P.TO C 11%
PTOUR,SP,3,1.0,0.0,
RDC,,4,0.0,0.0,RHODOC 75%; RHDOC 25%
RDF,,1986,0.864,0.0,RDF 66%; RDF BRI 12%; RDF SMOOTH 2%
RHO,,4085,0.872,0.0,RHO 78%; RHOD 3%; RUBY + RHO 1%
RHO,C,2,0.0,0.0,RHO.C 50%; RHO_C 50%
RU,,13,0.231,0.0,RUBY 50%; RU 10%; R.CUT RU 10%
RU,2,544,0.064,0.735,RU2 65%; RUBIES RU2 4%; RUBY 3%
RU,3,1,0.0,1.0,
RU,C,209,0.096,0.766,RUC 72%; RUBY 4%; RUC CAB 3%
RU,CS,324,0.077,0.747,RUCS 69%; RUCS + ONYX 1%; RUBY + ONYX 1%
RU,M,20,0.0,0.9,RUM 38%; RUM + 1DTS 25%; RUM + 1DT 12%
RU,SP,82,0.037,0.451,RUSP 19%; RU SP 10%; OX + RUSP 4%
RUBE,,524,0.594,0.0,RUBELITE 32%; RUBEL 27%; RUBE 9%
RUBE,C,12,0.25,0.0,RUBE.C 33%; RUBE_BRI 17%; RUBE_BR 17%
RUBE,GO,2,0.0,0.0,RUTILE.Q 100%
RUT,,12,0.25,0.0,RUTILE 38%; RUTILE.Q 25%; G.RUTILE 12%
RUT,BR,1,0.0,0.0,BR.RUTILE 100%
RUT,GO,31,0.065,0.0,GOLD RUTILE 36%; G.RUT + OX 18%; G_RUT + SIL 9%
RUT,SIL,7,0.0,0.0,SILVER RUTILE 75%; SILVER.RUTILE 25%
SA,,42,0.024,0.0,MIX SA 14%; SA.BRIO 14%; SA BRIO 7%
SA,2,138,0.203,0.558,SA2 61%; SA 14%; SA2 PT 3%
SA,3,1,0.0,1.0,
SA,A,1,0.0,0.0,SAPH DRP BRIO 100%
SA,BB,20,0.0,0.75,SABB 82%; BK.SAP 6%; W.M + BK.SA 6%
SA,BK,10,0.0,0.0,BL.SAP + SIL 56%; BK.SAP + SIL 33%; BL.SA 11%
SA,BLST,1,0.0,0.0,
SA,BST,17,0.0,0.0,B.STAR.SA 33%; BL.STAR 33%; STAR 33%
SA,CS,118,0.025,0.72,SACS 85%; AAQUOTATION 5%; AAQUATATION 2%
SA,DD,28,0.0,0.0,SKDD 92%; SKDD CAB 8%
SA,DF,3,0.0,0.0,SKDF 100%
SA,GR,224,0.04,0.125,SAGR 50%; GR.SA 19%; GR.SAP 12%
SA,IC,425,0.078,0.016,SAIC 50%; BTA + IC 50%
SA,LC,3342,0.024,0.122,SALC 66%; AAQUOTATION 6%; LC 3%
SA,LCM,4,0.0,0.0,
SA,LD,3,0.0,0.0,SKDL 100%
SA,LF,1,0.0,0.0,SKLF 100%
SA,LPL,1,0.0,0.0,
SA,LVIO,12,0.0,0.0,SPES + VIO SAP 100%
SA,MVIO,2,0.0,0.0,
SA,OC,2579,0.037,0.313,SAOC 73%; OC 2%; BLUE.SAP OC 1%
SA,OR,1632,0.002,0.148,SAOR 68%; NO PRL + SAOR 7%; OR 4%
SA,ORL,42,0.0,0.0,L.SAOR 100%
SA,PAD,1,0.0,0.0,
SA,PF,1196,0.018,0.122,SAPF 73%; PINK.SAP PF 9%; SAPL 2%
SA,PL,5213,0.007,0.137,SAPL 74%; AAQUOTATION 4%; NO PRL + SAPL 2%
SA,PLM,1,0.0,0.0,
SA,PM,2147,0.02,0.099,SAPM 54%; PM 8%; NO PRL + SAPM 4%
SA,PMM,2,0.0,0.0,
SA,SP,2,0.0,0.0,SAPSP 100%
SA,TL,1,1.0,0.0,
SA,VIO,482,0.031,0.098,SAVIO 54%; SAVIO + SAVIO 8%; VIO 6%
SA,W.SA,5,0.0,0.0,W.SAP 100%
SA,WH,236,0.008,0.0,W.SAP 25%; W.SA 13%; W.SAP + SIL 10%
SA,YL,874,0.018,0.124,SAYL 78%; GR TRI + YL 2%; SAYL_PS6X4 2%
SA,YLM,1,0.0,0.0,
SA,YM,842,0.011,0.172,SAYM 59%; YEL.SAP YM 8%; NO PRL + SAYM 5%
SA,YS,214,0.023,0.065,SAYS 45%; YEL.SAP YS 18%; CIT3A + YS 9%
SB,,10,0.1,0.0,SEA BAMBOO 50%; CORAL 25%; SEA_BAM 25%
SK,2,31,0.0,0.323,SAK2 59%; SK2 18%; SK2_PS6X4 6%
SK,BK,2,0.0,0.0,SK.BL + CTR 50%; SKBL 50%
SK,DD,153,0.007,0.739,SKDD 70%; SA 4%; AAQUOTATION 3%
SK,DF,52,0.0,0.712,SKDF 81%; R.CUT SKDF 8%; SKLD 3%
SK,FF,2,0.0,1.0,
SK,LD,239,0.0,0.393,SKDD 34%; SKLD 28%; HEM + SKLD 3%
SK,LF,10,0.0,0.4,SKLF 100%
SMQ,,115,0.391,0.0,SMQ 38%; SQ 28%; SMQ BRIOLET 7%
SMQ,A,1668,0.034,0.0,L.SMQ 22%; L.SQ 15%; L.SMQ BRI 8%
SMQ,AA,9,0.0,0.0,SQ_BRI_NO_TT 67%; SQ_BR_NO_TT 33%
SMQ,AAA,23,0.522,0.0,SMQ_BR 25%; SMQ_BR_NODT 25%; SMQ 25%
SPE,,53,0.226,0.0,SPESSARTITE 29%; SPESS 24%; SPES PR 12%
SPE,BK,1,0.0,0.0,BL.SP 100%
SPE,M,1,0.0,0.0,KIT SPESS 100%
SPE,YS,3,0.0,0.0,
SPI,,5,0.2,0.0,SPI 25%; SPINEL #53 25%; SPINE RU 17.5 25%
SPI,BK,108,0.0,0.0,BK.SPINEL 19%; BL.SP 12%; BK.SPI 12%
SPI,PK,12,0.0,0.0,SPINEL + PINK 50%; PINK.SPI 25%; PINK.SPINEL 25%
SPI,PURP,2,0.0,0.0,
SPI,RED,11,0.364,0.0,RED SPI 33%; RED SPINEL 33%; STAR + RED.SPI 33%
STS,BK,6,0.0,0.0,W.DT 100%
STS,PK,2,0.0,0.0,
STS,WH,8,0.0,0.0,
STS,YM,1,0.0,0.0,
SYN,,1,0.0,0.0,
SYN,PK,5,0.6,0.0,P.SYN 100%
TAN,,3,0.667,0.0,TAN 50%; TAN + PEAEL 50%
TAN,A,26,0.692,0.115,TANA 50%; TAN 50%
TAN,AA,237,0.473,0.008,TANZ 42%; TAN 19%; TAN2A 12%
TAN,AAA,390,0.254,0.054,TAN3A 25%; TANAAA 8%; TAN 8%
TAN,C,1,1.0,0.0,
THP,A,6,0.0,0.0,BAR.L.TAH 60%; L.TAHITI 20%; BAR_L_TAH 20%
THP,AAA,12,0.0,0.0,GOLD 50%; BAR_MULTI_TAH 30%; DTS 10%
THP,AUB,38,0.0,0.0,TAHITI 83%; DTS 17%
THP,MUL,3,0.0,0.0,TAH BAR MULTI 67%; BAR. MULTI 33%
THP,PCK,29,0.0,0.0,TAH PEA 43%; PC_TAH 29%; PC-TAH 5%
THP,SIL,33,0.0,0.0,L_TAH 32%; L.TAHITI 25%; L.TAH 18%
TIG,,70,0.043,0.0,TIGER EYE 39%; TIGER.EYE 13%; TIGER_EYE 10%
TIG,C,1,0.0,0.0,TIGER EYE 100%
TOP,WH,7,0.0,0.0,W.TOP 33%; 3X=S + P + Y + W.TOP 33%; W. + S.TOP 33%
TOU,PARA,4,0.0,0.0,JD + PARA 100%
TSAV,,12,0.417,0.0,TSA CUS 50%; TAN 6X4 MM 25%; TAN 5X4 25%
TSAV,A,3654,0.101,0.0,L.TSA 35%; TSA 12%; LTSA 10%
TSAV,AA,1152,0.36,0.0,TSA 28%; TSAA 17%; TSA2A 14%
TSAV,AAA,238,0.248,0.0,TSA3A 27%; TSA 12%; TSAAA 11%
TSAV,AAAA,2,0.5,0.0,
TU,,92,0.043,0.0,TURQ 14%; TURQUOISE 14%; REAL TURQ 12%
TU,BL,3,0.0,0.0,
TU,C,1,0.0,0.0,REAL TURQ 100%
TU,GO,1,0.0,0.0,GOLD_RUTIL 100%
TU,GR,2,0.5,0.0,
TURQ,,93,0.742,0.0,TURQ 34%; TURQUOISE 17%; TURQ SMOOTH 7%
TURQ,BL,88,0.648,0.0,TUR 33%; TURQUOISE 33%; AM + TUR 33%
TURQ,GR,46,0.63,0.0,TU 50%; GRTURQ 50%
TURQ,LBL,4,1.0,0.0,
TURQ,RCT,52,0.212,0.0,GR_TU_TRIP 40%; GR.TU TRIP 20%; GR_TU_TRI 20%
TURQ,REC,105,0.419,0.0,TURQ RECON 15%; TURQ_RECON 12%; TURQ REC 12%
WD,,161,0.404,0.0,WOOD 34%; WD 15%; G.Q CAB + WD 6%
WD,BK,1,0.0,0.0,B.WOOD 100%
WQA,,359,0.318,0.0,W.Q 23%; WQ 13%; WQ_BRI 5%
WQA,A,3,1.0,0.0,
WQA,ML,21,0.19,0.0,W.Q 100%
WT,,279,0.036,0.0,W.TOP 41%; W.TP 10%; W.TOPAZ 7%
ZC,WH,2,0.0,0.0,ZIR + TT 100%
